<?xml version="1.0" encoding="UTF-8" ?>
<!-- This is a WordPress eXtended RSS file generated by WordPress as an export of your site. -->
<!-- It contains information about your site's posts, pages, comments, categories, and other content. -->
<!-- You may use this file to transfer that content from one site to another. -->
<!-- This file is not intended to serve as a complete backup of your site. -->

<!-- To import this information into a WordPress site follow these steps: -->
<!-- 1. Log in to that site as an administrator. -->
<!-- 2. Go to Tools: Import in the WordPress admin panel. -->
<!-- 3. Install the "WordPress" importer from the list. -->
<!-- 4. Activate & Run Importer. -->
<!-- 5. Upload this file using the form provided on that page. -->
<!-- 6. You will first be asked to map the authors in this export file to users -->
<!--    on the site. For each author, you may choose to map to an -->
<!--    existing user on the site or to create a new user. -->
<!-- 7. WordPress will then import each of the posts, pages, comments, categories, etc. -->
<!--    contained in this file into your site. -->

<!-- generator="WordPress/4.5.2" created="2016-06-15 07:46" -->
<rss version="2.0"
	xmlns:excerpt="http://wordpress.org/export/1.1/excerpt/"
	xmlns:content="http://purl.org/rss/1.0/modules/content/"
	xmlns:wfw="http://wellformedweb.org/CommentAPI/"
	xmlns:dc="http://purl.org/dc/elements/1.1/"
	xmlns:wp="http://wordpress.org/export/1.1/"
>

<channel>
	<title>bill</title>
	<link>http://localhost/bill</link>
	<description>Just another WordPress site</description>
	<pubDate>Wed, 15 Jun 2016 07:46:59 +0000</pubDate>
	<language></language>
	<wp:wxr_version>1.1</wp:wxr_version>
	<wp:base_site_url>http://localhost/bill</wp:base_site_url>
	<wp:base_blog_url>http://localhost/bill</wp:base_blog_url>
	<wp:author><wp:author_id>1</wp:author_id><wp:author_login>bil</wp:author_login><wp:author_email>kumarvivek865@gmail.com</wp:author_email><wp:author_display_name><![CDATA[bil]]></wp:author_display_name><wp:author_first_name><![CDATA[]]></wp:author_first_name><wp:author_last_name><![CDATA[]]></wp:author_last_name></wp:author>
	<item>
		<title>ABOUT US</title>
		<link>http://localhost/bill/?acf=acf_about-us</link>
		<pubDate>Wed, 15 Jun 2016 07:34:07 +0000</pubDate>
		<dc:creator>bil</dc:creator>
		<guid isPermaLink="false">http://localhost/bill/?post_type=acf&#038;p=1743</guid>
		<wp:post_id>1743</wp:post_id>
		<wp:post_date>2016-06-15 07:34:07</wp:post_date>
		<wp:post_date_gmt>2016-06-15 07:34:07</wp:post_date_gmt>
		<wp:comment_status>closed</wp:comment_status>
		<wp:ping_status>closed</wp:ping_status>
		<wp:post_name>acf_about-us</wp:post_name>
		<wp:status>publish</wp:status>
		<wp:post_parent>0</wp:post_parent>
		<wp:menu_order>0</wp:menu_order>
		<wp:post_type>acf</wp:post_type>
		<wp:post_password></wp:post_password>
		<wp:postmeta>
			<wp:meta_key>_edit_last</wp:meta_key>
			<wp:meta_value><![CDATA[1]]></wp:meta_value>
		</wp:postmeta>
		<wp:postmeta>
			<wp:meta_key>field_5761041d958a7</wp:meta_key>
			<wp:meta_value><![CDATA[a:11:{s:3:"key";s:19:"field_5761041d958a7";s:5:"label";s:4:"icon";s:4:"name";s:4:"icon";s:4:"type";s:5:"image";s:12:"instructions";s:17:"ICONS IMAGE  LINK";s:8:"required";s:1:"1";s:11:"save_format";s:3:"url";s:12:"preview_size";s:9:"thumbnail";s:7:"library";s:3:"all";s:17:"conditional_logic";a:3:{s:6:"status";s:1:"0";s:5:"rules";a:1:{i:0;a:3:{s:5:"field";s:4:"null";s:8:"operator";s:2:"==";s:5:"value";s:0:"";}}s:8:"allorany";s:3:"all";}s:8:"order_no";i:0;}]]></wp:meta_value>
		</wp:postmeta>
		<wp:postmeta>
			<wp:meta_key>field_57610475958a8</wp:meta_key>
			<wp:meta_value><![CDATA[a:13:{s:3:"key";s:19:"field_57610475958a8";s:5:"label";s:15:"content details";s:4:"name";s:15:"content_details";s:4:"type";s:8:"textarea";s:12:"instructions";s:0:"";s:8:"required";s:1:"1";s:13:"default_value";s:0:"";s:11:"placeholder";s:0:"";s:9:"maxlength";s:0:"";s:4:"rows";s:0:"";s:10:"formatting";s:4:"none";s:17:"conditional_logic";a:3:{s:6:"status";s:1:"0";s:5:"rules";a:1:{i:0;a:3:{s:5:"field";s:4:"null";s:8:"operator";s:2:"==";s:5:"value";s:0:"";}}s:8:"allorany";s:3:"all";}s:8:"order_no";i:1;}]]></wp:meta_value>
		</wp:postmeta>
		<wp:postmeta>
			<wp:meta_key>position</wp:meta_key>
			<wp:meta_value><![CDATA[normal]]></wp:meta_value>
		</wp:postmeta>
		<wp:postmeta>
			<wp:meta_key>layout</wp:meta_key>
			<wp:meta_value><![CDATA[no_box]]></wp:meta_value>
		</wp:postmeta>
		<wp:postmeta>
			<wp:meta_key>hide_on_screen</wp:meta_key>
			<wp:meta_value><![CDATA[]]></wp:meta_value>
		</wp:postmeta>
		<wp:postmeta>
			<wp:meta_key>rule</wp:meta_key>
			<wp:meta_value><![CDATA[a:5:{s:5:"param";s:9:"post_type";s:8:"operator";s:2:"==";s:5:"value";s:5:"about";s:8:"order_no";i:0;s:8:"group_no";i:0;}]]></wp:meta_value>
		</wp:postmeta>
	</item>
	<item>
		<title>test</title>
		<link>http://localhost/bill/?acf=acf_test</link>
		<pubDate>Wed, 15 Jun 2016 07:42:20 +0000</pubDate>
		<dc:creator>bil</dc:creator>
		<guid isPermaLink="false">http://localhost/bill/?post_type=acf&#038;p=1748</guid>
		<wp:post_id>1748</wp:post_id>
		<wp:post_date>2016-06-15 07:42:20</wp:post_date>
		<wp:post_date_gmt>2016-06-15 07:42:20</wp:post_date_gmt>
		<wp:comment_status>closed</wp:comment_status>
		<wp:ping_status>closed</wp:ping_status>
		<wp:post_name>acf_test</wp:post_name>
		<wp:status>publish</wp:status>
		<wp:post_parent>0</wp:post_parent>
		<wp:menu_order>0</wp:menu_order>
		<wp:post_type>acf</wp:post_type>
		<wp:post_password></wp:post_password>
		<wp:postmeta>
			<wp:meta_key>_edit_last</wp:meta_key>
			<wp:meta_value><![CDATA[1]]></wp:meta_value>
		</wp:postmeta>
		<wp:postmeta>
			<wp:meta_key>field_576106ce37690</wp:meta_key>
			<wp:meta_value><![CDATA[a:14:{s:3:"key";s:19:"field_576106ce37690";s:5:"label";s:4:"tetd";s:4:"name";s:4:"tetd";s:4:"type";s:4:"text";s:12:"instructions";s:0:"";s:8:"required";s:1:"1";s:13:"default_value";s:0:"";s:11:"placeholder";s:0:"";s:7:"prepend";s:0:"";s:6:"append";s:0:"";s:10:"formatting";s:4:"html";s:9:"maxlength";s:0:"";s:17:"conditional_logic";a:3:{s:6:"status";s:1:"0";s:5:"rules";a:1:{i:0;a:3:{s:5:"field";s:4:"null";s:8:"operator";s:2:"==";s:5:"value";s:0:"";}}s:8:"allorany";s:3:"all";}s:8:"order_no";i:0;}]]></wp:meta_value>
		</wp:postmeta>
		<wp:postmeta>
			<wp:meta_key>position</wp:meta_key>
			<wp:meta_value><![CDATA[normal]]></wp:meta_value>
		</wp:postmeta>
		<wp:postmeta>
			<wp:meta_key>layout</wp:meta_key>
			<wp:meta_value><![CDATA[no_box]]></wp:meta_value>
		</wp:postmeta>
		<wp:postmeta>
			<wp:meta_key>hide_on_screen</wp:meta_key>
			<wp:meta_value><![CDATA[]]></wp:meta_value>
		</wp:postmeta>
		<wp:postmeta>
			<wp:meta_key>rule</wp:meta_key>
			<wp:meta_value><![CDATA[a:5:{s:5:"param";s:9:"post_type";s:8:"operator";s:2:"==";s:5:"value";s:4:"post";s:8:"order_no";i:0;s:8:"group_no";i:0;}]]></wp:meta_value>
		</wp:postmeta>
	</item>
</channel>
</rss>
